{
  "experiment": "feature_selection_top10",
  "cv_mean": 15.256890079874411,
  "cv_std": 0.1516564327381537,
  "cv_folds": [
    15.111294768853467,
    15.46607327143189,
    15.19330219933788
  ],
  "n_features": 10,
  "feature_cols": [
    "goal_distance",
    "zone_y",
    "goal_angle",
    "prev_dx",
    "prev_dy",
    "zone_x",
    "final_poss_len",
    "direction",
    "result_encoded",
    "team_possession_pct"
  ],
  "baseline_cv": 15.4881,
  "improvement": 0.23120992012558794
}