{
  "experiment": "exp_045_top10_variance_scaling",
  "feature_set": "Top 10",
  "n_features": 10,
  "feature_cols": [
    "goal_distance",
    "zone_y",
    "goal_angle",
    "prev_dx",
    "prev_dy",
    "zone_x",
    "final_poss_len",
    "direction",
    "result_encoded",
    "team_possession_pct"
  ],
  "alpha_results": {
    "0.0": {
      "mean": 15.256890079874411,
      "std": 0.1516564327381537,
      "folds": [
        15.111294768853467,
        15.46607327143189,
        15.19330219933788
      ]
    },
    "0.1": {
      "mean": 15.207301343851029,
      "std": 0.17249448595301592,
      "folds": [
        15.03393062795117,
        15.442608596815019,
        15.145364806786894
      ]
    },
    "0.2": {
      "mean": 15.18449381551521,
      "std": 0.17905096111010493,
      "folds": [
        15.00180002666532,
        15.427683077704994,
        15.123998342175323
      ]
    },
    "0.25": {
      "mean": 15.180226003456506,
      "std": 0.18170391422782645,
      "folds": [
        14.993229478068155,
        15.426363361038206,
        15.121085171263154
      ]
    },
    "0.3": {
      "mean": 15.180569178426255,
      "std": 0.1841197064773524,
      "folds": [
        14.989499688883154,
        15.429301302725863,
        15.122906543669748
      ]
    },
    "0.4": {
      "mean": 15.195172217929047,
      "std": 0.1881181388093901,
      "folds": [
        14.997707467176255,
        15.448301501892585,
        15.139507684718293
      ]
    },
    "0.5": {
      "mean": 15.228095698436562,
      "std": 0.19136276744698574,
      "folds": [
        15.025955889364727,
        15.484999445056781,
        15.173331760888171
      ]
    }
  },
  "best_alpha": 0.25,
  "best_cv": 15.180226003456506,
  "baseline_cv": 15.256890079874411,
  "original_baseline_cv": 15.2569,
  "improvement_from_scaling": 0.07666407641790585,
  "total_improvement": 0.07667399654349438
}